Workbook

Sheet Controls
J1: 19 | AH1: =SUM(AA3:AA59) -> 0 | AZ1: Modbus RTU
A2: № | B2: Категория (group) | C2: Уровень доступа на запись, не менее (authLevel) | D2: NodeName (рус) | E2: FullDescription (Описание параметра для пояснения в ПО ЮНИТ Сервис) | F2: ShortDescription | G2: AppliedDescription | H2: Note (Справочная информация) | I2: Длина | J2: ShortDescription (лимит длины) | K2: Name GEB | L2: type | M2: read-only UNITService | N2: Command UNITService | O2: maxSize | P2: ConvertingFlag | Q2: ConvertingBasis | R2: units | S2: minValue | T2: maxValue | U2: step | V2: multiplayer | W2: TransfCoef | X2: DefaultValue | Y2: EventReg | Z2: Значение в архиве | AA2: OperEventReg | AB2: 103_ASDU_read | AC2: 103_ASDU_write | AD2: 103_GI | AE2: 103_InformationInstanceNumber | AF2: 103_FUN | AG2: 103_INF | AH2: 103_INF_InstShift | AI2: 61850_TypeLN | AJ2: 61850_DataObjectName | AK2: 61850_CommonDataClass | AL2: 61850_AttributeName | AM2: 61850_AttributeType | AN2: 61850_EnumDAType | AO2: 61850_FC | AP2: 61850_Reference | AQ2: 61850_PresCond | AR2: DigitalInput | AS2: DigitalOutput | AT2: FunctionalButton | AU2: LED | AV2: Logger | AW2: Disturber | AX2: StartDisturber | AZ2: Функция чтение1 | BA2: Адрес регистра 1 DEC(слово) | BB2: Адрес регистра 1 HEX (слово) | BC2: Адрес регистра 2 DEC (бит) | BD2: Адрес регистра 2 HEX (бит) | BE2: Функция запись | BF2: Регистр на запись HEX | BG2: Примечание
B3: control | E3: Ввод режима регулирования параллельно работающих трансформаторов | F3: Ввод режима пар.рег | G3: Ввод режима пар.рег | I3: =LEN(F3) -> 19 | J3: =IF(LEN(F3)<=$J$1,F3,"") -> Ввод режима пар.рег | K3: Ctrl_ParOp | L3: BOOL | M3: true | N3: false | R3: null | S3: null | T3: null | U3: null | X3: null | Y3: 0 | AA3: 0 | AF3: 0 | AG3: 0 | AH3: 0 | AR3: 0 | AS3: 0 | AT3: 1 | AU3: 0 | AV3: 1 | AW3: 1 | AX3: 1 | BG3: =CONCATENATE("description: """,F3,"""", ", ", "note: """,E3,"""",", ","group: """, B3, """",", ","minValue: ", S3,", ","maxValue: ", T3,", ","step: ", U3,", ","units: """, R3, """",", ","defaultValue: ", X3,", ","eventRegistration: ", Y3,) -> description: "Ввод режима пар.рег", note: "Ввод режима регулирования параллельно работающих трансформаторов", group: "control", minValue: null, maxValue: null, step: null, units: "null", defaultValue: null, eventRegistration: 0
B4: control | E4: Вывод терминала | F4: Вывод терминала | G4: Вывод терминала | I4: =LEN(F4) -> 15 | J4: =IF(LEN(F4)<=$J$1,F4,"") -> Вывод терминала | K4: Ctrl_Off | L4: BOOL | M4: true | N4: false | R4: null | S4: null | T4: null | U4: null | X4: null | Y4: 0 | AA4: 0 | AF4: 0 | AG4: 0 | AH4: 0 | AR4: 0 | AS4: 0 | AT4: 1 | AU4: 0 | AV4: 1 | AW4: 1 | AX4: 1 | BG4: =CONCATENATE("description: """,F4,"""", ", ", "note: """,E4,"""",", ","group: """, B4, """",", ","minValue: ", S4,", ","maxValue: ", T4,", ","step: ", U4,", ","units: """, R4, """",", ","defaultValue: ", X4,", ","eventRegistration: ", Y4,) -> description: "Вывод терминала", note: "Вывод терминала", group: "control", minValue: null, maxValue: null, step: null, units: "null", defaultValue: null, eventRegistration: 0
B5: measurement | E5: Привод РПН заблокирован | F5: Привод заблокирован | G5: Привод заблокирован | I5: =LEN(F5) -> 19 | J5: =IF(LEN(F5)<=$J$1,F5,"") -> Привод заблокирован | K5: DriveBlk | L5: BOOL | M5: true | N5: false | R5: null | S5: null | T5: null | U5: null | X5: null | Y5: 0 | AA5: 0 | AF5: 0 | AG5: 0 | AH5: 0 | AR5: 0 | AS5: 0 | AT5: 0 | AU5: 0 | AV5: 1 | AW5: 1 | AX5: 1 | BG5: =CONCATENATE("description: """,F5,"""", ", ", "note: """,E5,"""",", ","group: """, B5, """",", ","minValue: ", S5,", ","maxValue: ", T5,", ","step: ", U5,", ","units: """, R5, """",", ","defaultValue: ", X5,", ","eventRegistration: ", Y5,) -> description: "Привод заблокирован", note: "Привод РПН заблокирован", group: "measurement", minValue: null, maxValue: null, step: null, units: "null", defaultValue: null, eventRegistration: 0
B6: control | E6: Ввод режима автоматического регулирования | F6: Режим Авто | G6: Режим Авто | I6: =LEN(F6) -> 10 | J6: =IF(LEN(F6)<=$J$1,F6,"") -> Режим Авто | K6: Ctrl_Auto | L6: BOOL | M6: true | N6: false | R6: null | S6: null | T6: null | U6: null | X6: null | Y6: 0 | AA6: 0 | AF6: 0 | AG6: 0 | AH6: 0 | AR6: 0 | AS6: 0 | AT6: 1 | AU6: 0 | AV6: 1 | AW6: 1 | AX6: 1 | BG6: =CONCATENATE("description: """,F6,"""", ", ", "note: """,E6,"""",", ","group: """, B6, """",", ","minValue: ", S6,", ","maxValue: ", T6,", ","step: ", U6,", ","units: """, R6, """",", ","defaultValue: ", X6,", ","eventRegistration: ", Y6,) -> description: "Режим Авто", note: "Ввод режима автоматического регулирования", group: "control", minValue: null, maxValue: null, step: null, units: "null", defaultValue: null, eventRegistration: 0
B7: input | E7: АРНТ параллельно работающего трансформатора в режиме авто | F7: Пар.рег.Режим авто | G7: Пар.рег.Режим авто | I7: =LEN(F7) -> 18 | J7: =IF(LEN(F7)<=$J$1,F7,"") -> Пар.рег.Режим авто | K7: BI_ParAuto | L7: BOOL | M7: true | N7: false | R7: null | S7: null | T7: null | U7: null | X7: null | Y7: 0 | AA7: 0 | AF7: 0 | AG7: 0 | AH7: 0 | AR7: 0 | AS7: 0 | AT7: 0 | AU7: 0 | AV7: 1 | AW7: 1 | AX7: 1 | BG7: =CONCATENATE("description: """,F7,"""", ", ", "note: """,E7,"""",", ","group: """, B7, """",", ","minValue: ", S7,", ","maxValue: ", T7,", ","step: ", U7,", ","units: """, R7, """",", ","defaultValue: ", X7,", ","eventRegistration: ", Y7,) -> description: "Пар.рег.Режим авто", note: "АРНТ параллельно работающего трансформатора в режиме авто", group: "input", minValue: null, maxValue: null, step: null, units: "null", defaultValue: null, eventRegistration: 0
B8: input | E8: АРНТ параллельно работающего трансформатора в режиме «Принудительно ведущий» | F8: Пар.рег. Прин.Вед. | G8: Пар.рег. Прин.Вед. | I8: =LEN(F8) -> 18 | J8: =IF(LEN(F8)<=$J$1,F8,"") -> Пар.рег. Прин.Вед. | K8: BI_ParFrcMstr | L8: BOOL | M8: true | N8: false | R8: null | S8: null | T8: null | U8: null | X8: null | Y8: 0 | AA8: 0 | AF8: 0 | AG8: 0 | AH8: 0 | AR8: 0 | AS8: 0 | AT8: 0 | AU8: 0 | AV8: 1 | AW8: 1 | AX8: 1 | BG8: =CONCATENATE("description: """,F8,"""", ", ", "note: """,E8,"""",", ","group: """, B8, """",", ","minValue: ", S8,", ","maxValue: ", T8,", ","step: ", U8,", ","units: """, R8, """",", ","defaultValue: ", X8,", ","eventRegistration: ", Y8,) -> description: "Пар.рег. Прин.Вед.", note: "АРНТ параллельно работающего трансформатора в режиме «Принудительно ведущий»", group: "input", minValue: null, maxValue: null, step: null, units: "null", defaultValue: null, eventRegistration: 0
B9: input | E9: АРНТ параллельно работающего трансформатора в режиме «Ведущий» | F9: Пар.рег.Вед. | G9: Пар.рег.Вед. | I9: =LEN(F9) -> 12 | J9: =IF(LEN(F9)<=$J$1,F9,"") -> Пар.рег.Вед. | K9: BI_ParMstr | L9: BOOL | M9: true | N9: false | R9: null | S9: null | T9: null | U9: null | X9: null | Y9: 0 | AA9: 0 | AF9: 0 | AG9: 0 | AH9: 0 | AR9: 0 | AS9: 0 | AT9: 0 | AU9: 0 | AV9: 1 | AW9: 1 | AX9: 1 | BG9: =CONCATENATE("description: """,F9,"""", ", ", "note: """,E9,"""",", ","group: """, B9, """",", ","minValue: ", S9,", ","maxValue: ", T9,", ","step: ", U9,", ","units: """, R9, """",", ","defaultValue: ", X9,", ","eventRegistration: ", Y9,) -> description: "Пар.рег.Вед.", note: "АРНТ параллельно работающего трансформатора в режиме «Ведущий»", group: "input", minValue: null, maxValue: null, step: null, units: "null", defaultValue: null, eventRegistration: 0
B10: measurement | E10: Ненормальный режим на секции | F10: Ненормальный режим | G10: Ненормальный режим | I10: =LEN(F10) -> 18 | J10: =IF(LEN(F10)<=$J$1,F10,"") -> Ненормальный режим | K10: BlkAbn | L10: BOOL | M10: true | N10: false | R10: null | S10: null | T10: null | U10: null | X10: null | Y10: 0 | AA10: 0 | AF10: 0 | AG10: 0 | AH10: 0 | AR10: 0 | AS10: 0 | AT10: 0 | AU10: 0 | AV10: 1 | AW10: 1 | AX10: 1 | BG10: =CONCATENATE("description: """,F10,"""", ", ", "note: """,E10,"""",", ","group: """, B10, """",", ","minValue: ", S10,", ","maxValue: ", T10,", ","step: ", U10,", ","units: """, R10, """",", ","defaultValue: ", X10,", ","eventRegistration: ", Y10,) -> description: "Ненормальный режим", note: "Ненормальный режим на секции", group: "measurement", minValue: null, maxValue: null, step: null, units: "null", defaultValue: null, eventRegistration: 0
B11: input | E11: Прибавить от АРНТ параллельно работающего трансформатора | F11: Прибавить от пар. | G11: Прибавить от пар. | I11: =LEN(F11) -> 17 | J11: =IF(LEN(F11)<=$J$1,F11,"") -> Прибавить от пар. | K11: BI_ParTapOpR | L11: BOOL | M11: true | N11: false | R11: null | S11: null | T11: null | U11: null | X11: null | Y11: 0 | AA11: 0 | AF11: 0 | AG11: 0 | AH11: 0 | AR11: 0 | AS11: 0 | AT11: 0 | AU11: 0 | AV11: 1 | AW11: 1 | AX11: 1 | BG11: =CONCATENATE("description: """,F11,"""", ", ", "note: """,E11,"""",", ","group: """, B11, """",", ","minValue: ", S11,", ","maxValue: ", T11,", ","step: ", U11,", ","units: """, R11, """",", ","defaultValue: ", X11,", ","eventRegistration: ", Y11,) -> description: "Прибавить от пар.", note: "Прибавить от АРНТ параллельно работающего трансформатора", group: "input", minValue: null, maxValue: null, step: null, units: "null", defaultValue: null, eventRegistration: 0
B12: input | E12: Убавить от АРНТ параллельно работающего трансформатора | F12: Убавить от пар. | G12: Убавить от пар. | I12: =LEN(F12) -> 15 | J12: =IF(LEN(F12)<=$J$1,F12,"") -> Убавить от пар. | K12: BI_ParTapOpL | L12: BOOL | M12: true | N12: false | R12: null | S12: null | T12: null | U12: null | X12: null | Y12: 0 | AA12: 0 | AF12: 0 | AG12: 0 | AH12: 0 | AR12: 0 | AS12: 0 | AT12: 0 | AU12: 0 | AV12: 1 | AW12: 1 | AX12: 1 | BG12: =CONCATENATE("description: """,F12,"""", ", ", "note: """,E12,"""",", ","group: """, B12, """",", ","minValue: ", S12,", ","maxValue: ", T12,", ","step: ", U12,", ","units: """, R12, """",", ","defaultValue: ", X12,", ","eventRegistration: ", Y12,) -> description: "Убавить от пар.", note: "Убавить от АРНТ параллельно работающего трансформатора", group: "input", minValue: null, maxValue: null, step: null, units: "null", defaultValue: null, eventRegistration: 0
B13: input | E13: Ненормальный режим на шинах параллельно работающего трансформатора | F13: Пар.рег.Ненорм.реж. | G13: Пар.рег.Ненорм.реж. | I13: =LEN(F13) -> 19 | J13: =IF(LEN(F13)<=$J$1,F13,"") -> Пар.рег.Ненорм.реж. | K13: BI_ParBlkAbn | L13: BOOL | M13: true | N13: false | R13: null | S13: null | T13: null | U13: null | X13: null | Y13: 0 | AA13: 0 | AF13: 0 | AG13: 0 | AH13: 0 | AR13: 0 | AS13: 0 | AT13: 0 | AU13: 0 | AV13: 1 | AW13: 1 | AX13: 1 | BG13: =CONCATENATE("description: """,F13,"""", ", ", "note: """,E13,"""",", ","group: """, B13, """",", ","minValue: ", S13,", ","maxValue: ", T13,", ","step: ", U13,", ","units: """, R13, """",", ","defaultValue: ", X13,", ","eventRegistration: ", Y13,) -> description: "Пар.рег.Ненорм.реж.", note: "Ненормальный режим на шинах параллельно работающего трансформатора", group: "input", minValue: null, maxValue: null, step: null, units: "null", defaultValue: null, eventRegistration: 0
B14: input | E14: АРНТ параллельного работающего трансформатора заблокировано | F14: Пар.рег.Блокировано | G14: Пар.рег.Блокировано | I14: =LEN(F14) -> 19 | J14: =IF(LEN(F14)<=$J$1,F14,"") -> Пар.рег.Блокировано | K14: BI_ParBlk | L14: BOOL | M14: true | N14: false | R14: null | S14: null | T14: null | U14: null | X14: null | Y14: 0 | AA14: 0 | AF14: 0 | AG14: 0 | AH14: 0 | AR14: 0 | AS14: 0 | AT14: 0 | AU14: 0 | AV14: 1 | AW14: 1 | AX14: 1 | BG14: =CONCATENATE("description: """,F14,"""", ", ", "note: """,E14,"""",", ","group: """, B14, """",", ","minValue: ", S14,", ","maxValue: ", T14,", ","step: ", U14,", ","units: """, R14, """",", ","defaultValue: ", X14,", ","eventRegistration: ", Y14,) -> description: "Пар.рег.Блокировано", note: "АРНТ параллельного работающего трансформатора заблокировано", group: "input", minValue: null, maxValue: null, step: null, units: "null", defaultValue: null, eventRegistration: 0
... B22: input | E22: Идет переключение привода РПН параллельного работающего трансформатора | F22: Пар.рег.Переключ. | G22: Пар.рег.Переключ. | I22: =LEN(F22) -> 17 | J22: =IF(LEN(F22)<=$J$1,F22,"") -> Пар.рег.Переключ. | K22: BI_ParTranslnd | L22: BOOL | M22: true | N22: false | R22: null | S22: null | T22: null | U22: null | X22: null | Y22: 0 | AA22: 0 | AF22: 0 | AG22: 0 | AH22: 0 | AR22: 0 | AS22: 0 | AT22: 0 | AU22: 0 | AV22: 1 | AW22: 1 | AX22: 1 | BG22: =CONCATENATE("description: """,F22,"""", ", ", "note: """,E22,"""",", ","group: """, B22, """",", ","minValue: ", S22,", ","maxValue: ", T22,", ","step: ", U22,", ","units: """, R22, """",", ","defaultValue: ", X22,", ","eventRegistration: ", Y22,) -> description: "Пар.рег.Переключ.", note: "Идет переключение привода РПН параллельного работающего трансформатора", group: "input", minValue: null, maxValue: null, step: null, units: "null", defaultValue: null, eventRegistration: 0

Sheet Status information
J1: 19 | AH1: =SUM(AA3:AA69) -> 0 | AZ1: Modbus RTU
A2: № | B2: Категория (group) | C2: Уровень доступа на запись, не менее (authLevel) | D2: NodeName (рус) | E2: FullDescription (Описание параметра для пояснения в ПО ЮНИТ Сервис) | F2: ShortDescription | G2: AppliedDescription | H2: Note (Справочная информация) | I2: Длина | J2: ShortDescription (лимит длины) | K2: Name GEB | L2: type | M2: read-only UNITService | N2: Command UNITService | O2: maxSize | P2: ConvertingFlag | Q2: ConvertingBasis | R2: units | S2: minValue | T2: maxValue | U2: step | V2: multiplayer | W2: TransfCoef | X2: DefaultValue | Y2: EventReg | Z2: Значение в архиве | AA2: OperEventReg | AB2: 103_ASDU_read | AC2: 103_ASDU_write | AD2: 103_GI | AE2: 103_InformationInstanceNumber | AF2: 103_FUN | AG2: 103_INF | AH2: 103_INF_InstShift | AI2: 61850_TypeLN | AJ2: 61850_DataObjectName | AK2: 61850_CommonDataClass | AL2: 61850_AttributeName | AM2: 61850_AttributeType | AN2: 61850_EnumDAType | AO2: 61850_FC | AP2: 61850_Reference | AQ2: 61850_PresCond | AR2: DigitalInput | AS2: DigitalOutput | AT2: FunctionalButton | AU2: LED | AV2: Logger | AW2: Disturber | AX2: StartDisturber | AZ2: Функция чтение1 | BA2: Адрес регистра 1 DEC(слово) | BB2: Адрес регистра 1 HEX (слово) | BC2: Адрес регистра 2 DEC (бит) | BD2: Адрес регистра 2 HEX (бит) | BE2: Функция запись | BF2: Регистр на запись HEX | BG2: Примечание
B3: status | D3: АРН | E3: Режим параллельного регулирования | F3: ПарРежим | G3: ПарРежим | I3: =LEN(F3) -> 8 | J3: =IF(LEN(F3)<=$J$1,F3,"") -> ПарРежим | K3: ParOp | L3: BOOL | M3: true | N3: false | R3: null | S3: null | T3: null | U3: null | X3: null | Y3: 2 | AA3: 0 | AF3: 0 | AG3: 0 | AH3: 0 | AI3: ATCC | AJ3: ATCC1.ParOp | AK3: SPC | AL3: stVal | AM3: BOOLEAN | AO3: ST | AP3: =CONCATENATE( AJ3, ".", AL3) -> ATCC1.ParOp.stVal | AQ3: M | AR3: 0 | AS3: 1 | AT3: 0 | AU3: 1 | AV3: 1 | AW3: 1 | AX3: 1 | BG3: =CONCATENATE("description: """,F3,"""", ", ", "note: """,E3,"""",", ","group: """, B3, """",", ","minValue: ", S3,", ","maxValue: ", T3,", ","step: ", U3,", ","units: """, R3, """",", ","defaultValue: ", X3,", ","eventRegistration: ", Y3,) -> description: "ПарРежим", note: "Режим параллельного регулирования", group: "status", minValue: null, maxValue: null, step: null, units: "null", defaultValue: null, eventRegistration: 2
B4: status | D4: АРН | E4: Готовность к режиму регулирования параллельно работающих трансформаторов | F4: Пар.рег.Готовность | G4: Пар.рег.Готовность | I4: =LEN(F4) -> 18 | J4: =IF(LEN(F4)<=$J$1,F4,"") -> Пар.рег.Готовность | K4: MFModRdy | L4: BOOL | M4: true | N4: false | R4: null | S4: null | T4: null | U4: null | X4: null | Y4: 2 | AA4: 0 | AF4: 0 | AG4: 0 | AH4: 0 | AI4: TATCC | AJ4: ATCC1.MFModRdy | AK4: SPS | AL4: stVal | AM4: BOOLEAN | AO4: ST | AP4: =CONCATENATE( AJ4, ".", AL4) -> ATCC1.MFModRdy.stVal | AQ4: M | AR4: 0 | AS4: 1 | AT4: 0 | AU4: 1 | AV4: 1 | AW4: 1 | AX4: 1 | BG4: =CONCATENATE("description: """,F4,"""", ", ", "note: """,E4,"""",", ","group: """, B4, """",", ","minValue: ", S4,", ","maxValue: ", T4,", ","step: ", U4,", ","units: """, R4, """",", ","defaultValue: ", X4,", ","eventRegistration: ", Y4,) -> description: "Пар.рег.Готовность", note: "Готовность к режиму регулирования параллельно работающих трансформаторов", group: "status", minValue: null, maxValue: null, step: null, units: "null", defaultValue: null, eventRegistration: 2
B5: status | D5: АРН | E5: Ведущий в режиме регулирования параллельно работающих трансформаторов | F5: Пар.рег.Ведущий | G5: Пар.рег.Ведущий | I5: =LEN(F5) -> 15 | J5: =IF(LEN(F5)<=$J$1,F5,"") -> Пар.рег.Ведущий | K5: Mstr | L5: BOOL | M5: true | N5: false | R5: null | S5: null | T5: null | U5: null | X5: null | Y5: 2 | AA5: 0 | AF5: 0 | AG5: 0 | AH5: 0 | AI5: ATCC | AJ5: ATCC1.Master | AK5: SPC | AL5: stVal | AM5: BOOLEAN | AO5: ST | AP5: =CONCATENATE( AJ5, ".", AL5) -> ATCC1.Master.stVal | AQ5: M | AR5: 0 | AS5: 1 | AT5: 0 | AU5: 1 | AV5: 1 | AW5: 1 | AX5: 1 | BG5: =CONCATENATE("description: """,F5,"""", ", ", "note: """,E5,"""",", ","group: """, B5, """",", ","minValue: ", S5,", ","maxValue: ", T5,", ","step: ", U5,", ","units: """, R5, """",", ","defaultValue: ", X5,", ","eventRegistration: ", Y5,) -> description: "Пар.рег.Ведущий", note: "Ведущий в режиме регулирования параллельно работающих трансформаторов", group: "status", minValue: null, maxValue: null, step: null, units: "null", defaultValue: null, eventRegistration: 2
B6: status | D6: АРН | E6: Принудительно ведущий в режиме регулирования параллельно работающих трансформаторов | F6: Пар.рег.Принуд.Вед. | G6: Пар.рег.Принуд.Вед. | I6: =LEN(F6) -> 19 | J6: =IF(LEN(F6)<=$J$1,F6,"") -> Пар.рег.Принуд.Вед. | K6: FrcMstr | L6: BOOL | M6: true | N6: false | R6: null | S6: null | T6: null | U6: null | X6: null | Y6: 2 | AA6: 0 | AF6: 0 | AG6: 0 | AH6: 0 | AI6: TATCC | AJ6: ATCC1.FrcMstr | AK6: SPS | AL6: stVal | AM6: BOOLEAN | AO6: ST | AP6: =CONCATENATE( AJ6, ".", AL6) -> ATCC1.FrcMstr.stVal | AQ6: M | AR6: 0 | AS6: 1 | AT6: 0 | AU6: 1 | AV6: 1 | AW6: 1 | AX6: 1 | BG6: =CONCATENATE("description: """,F6,"""", ", ", "note: """,E6,"""",", ","group: """, B6, """",", ","minValue: ", S6,", ","maxValue: ", T6,", ","step: ", U6,", ","units: """, R6, """",", ","defaultValue: ", X6,", ","eventRegistration: ", Y6,) -> description: "Пар.рег.Принуд.Вед.", note: "Принудительно ведущий в режиме регулирования параллельно работающих трансформаторов", group: "status", minValue: null, maxValue: null, step: null, units: "null", defaultValue: null, eventRegistration: 2
B7: status | D7: АРН | E7: Ведомый в режиме регулирования параллельно работающих трансформаторов | F7: Ведомый | G7: Ведомый | I7: =LEN(F7) -> 7 | J7: =IF(LEN(F7)<=$J$1,F7,"") -> Ведомый | K7: Follower | L7: BOOL | M7: true | N7: false | R7: null | S7: null | T7: null | U7: null | X7: null | Y7: 2 | AA7: 0 | AF7: 0 | AG7: 0 | AH7: 0 | AI7: ATCC | AJ7: ATCC1.Follower | AK7: SPC | AL7: stVal | AM7: BOOLEAN | AO7: ST | AP7: =CONCATENATE( AJ7, ".", AL7) -> ATCC1.Follower.stVal | AQ7: M | AR7: 0 | AS7: 1 | AT7: 0 | AU7: 1 | AV7: 1 | AW7: 1 | AX7: 1 | BG7: =CONCATENATE("description: """,F7,"""", ", ", "note: """,E7,"""",", ","group: """, B7, """",", ","minValue: ", S7,", ","maxValue: ", T7,", ","step: ", U7,", ","units: """, R7, """",", ","defaultValue: ", X7,", ","eventRegistration: ", Y7,) -> description: "Ведомый", note: "Ведомый в режиме регулирования параллельно работающих трансформаторов", group: "status", minValue: null, maxValue: null, step: null, units: "null", defaultValue: null, eventRegistration: 2
B8: status | D8: АРН | E8: Команда «Прибавить» от АРНТ параллельно работающего трансформатора | F8: Пар.рег.Прибавить | G8: Пар.рег.Прибавить | I8: =LEN(F8) -> 17 | J8: =IF(LEN(F8)<=$J$1,F8,"") -> Пар.рег.Прибавить | K8: ParTapOpR | L8: BOOL | M8: true | N8: false | R8: null | S8: null | T8: null | U8: null | X8: null | Y8: 2 | AA8: 0 | AF8: 0 | AG8: 0 | AH8: 0 | AR8: 0 | AS8: 1 | AT8: 0 | AU8: 1 | AV8: 1 | AW8: 1 | AX8: 1 | BG8: =CONCATENATE("description: """,F8,"""", ", ", "note: """,E8,"""",", ","group: """, B8, """",", ","minValue: ", S8,", ","maxValue: ", T8,", ","step: ", U8,", ","units: """, R8, """",", ","defaultValue: ", X8,", ","eventRegistration: ", Y8,) -> description: "Пар.рег.Прибавить", note: "Команда «Прибавить» от АРНТ параллельно работающего трансформатора", group: "status", minValue: null, maxValue: null, step: null, units: "null", defaultValue: null, eventRegistration: 2
B9: status | D9: АРН | E9: Команда «Убавить» от АРНТ параллельно работающего трансформатора | F9: Пар.рег.Убавить | G9: Пар.рег.Убавить | I9: =LEN(F9) -> 15 | J9: =IF(LEN(F9)<=$J$1,F9,"") -> Пар.рег.Убавить | K9: ParTapOpL | L9: BOOL | M9: true | N9: false | R9: null | S9: null | T9: null | U9: null | X9: null | Y9: 2 | AA9: 0 | AF9: 0 | AG9: 0 | AH9: 0 | AR9: 0 | AS9: 1 | AT9: 0 | AU9: 1 | AV9: 1 | AW9: 1 | AX9: 1 | BG9: =CONCATENATE("description: """,F9,"""", ", ", "note: """,E9,"""",", ","group: """, B9, """",", ","minValue: ", S9,", ","maxValue: ", T9,", ","step: ", U9,", ","units: """, R9, """",", ","defaultValue: ", X9,", ","eventRegistration: ", Y9,) -> description: "Пар.рег.Убавить", note: "Команда «Убавить» от АРНТ параллельно работающего трансформатора", group: "status", minValue: null, maxValue: null, step: null, units: "null", defaultValue: null, eventRegistration: 2
B10: status | D10: АРН | E10: Блокировка автоматического регулирования в режиме регулирования параллельно работающих трансформаторов | F10: Пар.рег.Бл.авт.реж. | G10: Пар.рег.Бл.авт.реж. | I10: =LEN(F10) -> 19 | J10: =IF(LEN(F10)<=$J$1,F10,"") -> Пар.рег.Бл.авт.реж. | K10: ParBlkAuto | L10: BOOL | M10: true | N10: false | R10: null | S10: null | T10: null | U10: null | X10: null | Y10: 2 | AA10: 0 | AF10: 0 | AG10: 0 | AH10: 0 | AR10: 0 | AS10: 1 | AT10: 0 | AU10: 1 | AV10: 1 | AW10: 1 | AX10: 1 | BG10: =CONCATENATE("description: """,F10,"""", ", ", "note: """,E10,"""",", ","group: """, B10, """",", ","minValue: ", S10,", ","maxValue: ", T10,", ","step: ", U10,", ","units: """, R10, """",", ","defaultValue: ", X10,", ","eventRegistration: ", Y10,) -> description: "Пар.рег.Бл.авт.реж.", note: "Блокировка автоматического регулирования в режиме регулирования параллельно работающих трансформаторов", group: "status", minValue: null, maxValue: null, step: null, units: "null", defaultValue: null, eventRegistration: 2
B11: status | D11: АРН | E11: Ошибка регулирования параллельно работающих трансформаторов | F11: Пар.рег.Ошибка | G11: Пар.рег.Ошибка | I11: =LEN(F11) -> 14 | J11: =IF(LEN(F11)<=$J$1,F11,"") -> Пар.рег.Ошибка | K11: ErrPar | L11: BOOL | M11: true | N11: false | R11: null | S11: null | T11: null | U11: null | X11: null | Y11: 2 | AA11: 0 | AF11: 0 | AG11: 0 | AH11: 0 | AI11: ATCC | AJ11: ATCC1.ErrPar | AK11: SPS | AL11: stVal | AM11: BOOLEAN | AO11: ST | AP11: =CONCATENATE( AJ11, ".", AL11) -> ATCC1.ErrPar.stVal | AQ11: M | AR11: 0 | AS11: 1 | AT11: 0 | AU11: 1 | AV11: 1 | AW11: 1 | AX11: 1 | BG11: =CONCATENATE("description: """,F11,"""", ", ", "note: """,E11,"""",", ","group: """, B11, """",", ","minValue: ", S11,", ","maxValue: ", T11,", ","step: ", U11,", ","units: """, R11, """",", ","defaultValue: ", X11,", ","eventRegistration: ", Y11,) -> description: "Пар.рег.Ошибка", note: "Ошибка регулирования параллельно работающих трансформаторов", group: "status", minValue: null, maxValue: null, step: null, units: "null", defaultValue: null, eventRegistration: 2
B12: status | D12: АРН | E12: Рассогласование приводов РПН параллельно работающих трансформаторов | F12: Пар.рег.Рассогл. | G12: Пар.рег.Рассогл. | I12: =LEN(F12) -> 16 | J12: =IF(LEN(F12)<=$J$1,F12,"") -> Пар.рег.Рассогл. | K12: OoStep | L12: BOOL | M12: true | N12: false | R12: null | S12: null | T12: null | U12: null | X12: null | Y12: 2 | AA12: 0 | AF12: 0 | AG12: 0 | AH12: 0 | AI12: TATCC | AJ12: ATCC1.OoStep | AK12: SPS | AL12: stVal | AM12: BOOLEAN | AO12: ST | AP12: =CONCATENATE( AJ12, ".", AL12) -> ATCC1.OoStep.stVal | AQ12: M | AR12: 0 | AS12: 1 | AT12: 0 | AU12: 1 | AV12: 1 | AW12: 1 | AX12: 1 | BG12: =CONCATENATE("description: """,F12,"""", ", ", "note: """,E12,"""",", ","group: """, B12, """",", ","minValue: ", S12,", ","maxValue: ", T12,", ","step: ", U12,", ","units: """, R12, """",", ","defaultValue: ", X12,", ","eventRegistration: ", Y12,) -> description: "Пар.рег.Рассогл.", note: "Рассогласование приводов РПН параллельно работающих трансформаторов", group: "status", minValue: null, maxValue: null, step: null, units: "null", defaultValue: null, eventRegistration: 2
B13: status | D13: АРН | E13: Прибавить в АРНТ параллельного работающего трансформатора | F13: Прибавить в ПарРег | G13: Прибавить в ПарРег | I13: =LEN(F13) -> 18 | J13: =IF(LEN(F13)<=$J$1,F13,"") -> Прибавить в ПарРег | K13: RelayParTapOpR | L13: BOOL | M13: true | N13: false | R13: null | S13: null | T13: null | U13: null | X13: null | Y13: 2 | AA13: 0 | AF13: 0 | AG13: 0 | AH13: 0 | AR13: 0 | AS13: 1 | AT13: 0 | AU13: 1 | AV13: 1 | AW13: 1 | AX13: 1 | BG13: =CONCATENATE("description: """,F13,"""", ", ", "note: """,E13,"""",", ","group: """, B13, """",", ","minValue: ", S13,", ","maxValue: ", T13,", ","step: ", U13,", ","units: """, R13, """",", ","defaultValue: ", X13,", ","eventRegistration: ", Y13,) -> description: "Прибавить в ПарРег", note: "Прибавить в АРНТ параллельного работающего трансформатора", group: "status", minValue: null, maxValue: null, step: null, units: "null", defaultValue: null, eventRegistration: 2
B14: status | D14: АРН | E14: Убавить в АРНТ параллельного работающего трансформатора | F14: Убавить в ПарРег | G14: Убавить в ПарРег | I14: =LEN(F14) -> 16 | J14: =IF(LEN(F14)<=$J$1,F14,"") -> Убавить в ПарРег | K14: RelayParTapOpL | L14: BOOL | M14: true | N14: false | R14: null | S14: null | T14: null | U14: null | X14: null | Y14: 2 | AA14: 0 | AF14: 0 | AG14: 0 | AH14: 0 | AR14: 0 | AS14: 1 | AT14: 0 | AU14: 1 | AV14: 1 | AW14: 1 | AX14: 1 | BG14: =CONCATENATE("description: """,F14,"""", ", ", "note: """,E14,"""",", ","group: """, B14, """",", ","minValue: ", S14,", ","maxValue: ", T14,", ","step: ", U14,", ","units: """, R14, """",", ","defaultValue: ", X14,", ","eventRegistration: ", Y14,) -> description: "Убавить в ПарРег", note: "Убавить в АРНТ параллельного работающего трансформатора", group: "status", minValue: null, maxValue: null, step: null, units: "null", defaultValue: null, eventRegistration: 2

Sheet Settings
J1: 19 | AH1: =SUM(AA9:AA41) -> 0 | AZ1: Modbus RTU
A2: № | B2: Категория (group) | C2: Уровень доступа на запись, не менее (authLevel) | D2: NodeName (рус) | E2: FullDescription (Описание параметра для пояснения в ПО ЮНИТ Сервис) | F2: ShortDescription | G2: AppliedDescription | H2: Note (Справочная информация) | I2: Длина | J2: ShortDescription (лимит длины) | K2: Name GEB | L2: type | M2: read-only UNITService | N2: Command UNITService | O2: maxSize | P2: ConvertingFlag | Q2: ConvertingBasis | R2: units | S2: minValue | T2: maxValue | U2: step | V2: multiplayer | W2: TransfCoef | X2: DefaultValue | Y2: EventReg | Z2: Значение в архиве | AA2: OperEventReg | AB2: 103_ASDU_read | AC2: 103_ASDU_write | AD2: 103_GI | AE2: 103_InformationInstanceNumber | AF2: 103_FUN | AG2: 103_INF | AH2: 103_INF_InstShift | AI2: 61850_TypeLN | AJ2: 61850_DataObjectName | AK2: 61850_CommonDataClass | AL2: 61850_AttributeName | AM2: 61850_AttributeType | AN2: 61850_EnumDAType | AO2: 61850_FC | AP2: 61850_Reference | AQ2: 61850_PresCond | AR2: DigitalInput | AS2: DigitalOutput | AT2: FunctionalButton | AU2: LED | AV2: MappingMask | AW2: Extension_enum | AX2: Extension_enum_HMI | AZ2: Функция чтение1 | BA2: Адрес регистра 1 DEC(слово) | BB2: Адрес регистра 1 HEX (слово) | BC2: Адрес регистра 2 DEC (бит) | BD2: Адрес регистра 2 HEX (бит) | BE2: Функция запись | BF2: Регистр на запись HEX | BG2: Примечание
B3: setting | D3: АРН | E3: Метод регулирования трансформаторов, включенных на параллельную работу | F3: ПарРежим | G3: ПарРежим | H3: 1 – Не используется, 2 – Ведущий, 3 – Ведомый (4...8 – недолжны выбираться так как не поддерживаются устройством I, II арх) | I3: =LEN(F3) -> 8 | J3: =IF(LEN(F3)<=Controls!$J$1,F3,"") -> ПарРежим | K3: ATCC1_ParTraMod | L3: INT8 | M3: false | N3: false | R3: null | S3: 1 | T3: 3 | U3: 1 | X3: 1 | Y3: 0 | AA3: 0 | AF3: 0 | AG3: 0 | AH3: 0 | AI3: ATCC | AJ3: ATCC1.ParTraMod | AK3: ENG | AL3: setVal | AM3: INT8 | AO3: SG | AP3: =CONCATENATE( AJ3, ".", AL3) -> ATCC1.ParTraMod.setVal | AQ3: M | AR3: 0 | AS3: 0 | AT3: 0 | AU3: 0 | AV3: =BIN2DEC(CONCATENATE(0,0,0,0,AR3,AS3,AT3,AU3)) -> 0 | AW3: No_Master_Slave | BG3: =CONCATENATE("description: """,F3,"""", ", ", "note: """,E3,"""",", ","group: """, B3, """",", ","minValue: ", S3,", ","maxValue: ", T3,", ","step: ", U3,", ","units: """, R4, """",", ","defaultValue: ", X3,", ","eventRegistration: ", Y3,) -> description: "ПарРежим", note: "Метод регулирования трансформаторов, включенных на параллельную работу", group: "setting", minValue: 1, maxValue: 3, step: 1, units: "null", defaultValue: 1, eventRegistration: 0
B4: setting | D4: АРН | E4: Источник данных о положении РПН параллельно работающего трансформатора | F4: ПарТипДатчика | G4: ПарТипДатчика | H4: 0 – Контроль рассогласования не предусмотрен, 1 – Токовая петля 4(0)-20 мА, 2 – GOOSE | I4: =LEN(F4) -> 13 | J4: =IF(LEN(F4)<=Controls!$J$1,F4,"") -> ПарТипДатчика | K4: ATCC1_ParTapSensor | L4: INT8 | M4: false | N4: false | R4: null | S4: 0 | T4: 2 | U4: 1 | X4: 0 | Y4: 0 | AA4: 0 | AF4: 0 | AG4: 0 | AH4: 0 | AR4: 0 | AS4: 0 | AT4: 0 | AU4: 0 | AV4: =BIN2DEC(CONCATENATE(0,0,0,0,AR4,AS4,AT4,AU4)) -> 0 | AW4: Control_Inconsistency1 | BG4: =CONCATENATE("description: """,F4,"""", ", ", "note: """,E4,"""",", ","group: """, B4, """",", ","minValue: ", S4,", ","maxValue: ", T4,", ","step: ", U4,", ","units: """, R4, """",", ","defaultValue: ", X4,", ","eventRegistration: ", Y4,) -> description: "ПарТипДатчика", note: "Источник данных о положении РПН параллельно работающего трансформатора", group: "setting", minValue: 0, maxValue: 2, step: 1, units: "null", defaultValue: 0, eventRegistration: 0
B5: setting | D5: АРН | E5: Сигнал токовой петли, соответствующий конечного положения РПН параллельно работающего трансформатора | F5: ПарIмаМакс | G5: ПарIмаМакс | I5: =LEN(F5) -> 10 | J5: =IF(LEN(F5)<=Controls!$J$1,F5,"") -> ПарIмаМакс | K5: ATCC1_I2ma_max | L5: FLOAT32 | M5: false | N5: false | R5: мА | S5: 5 | T5: 100 | U5: 0.01 | X5: 20 | Y5: 0 | AA5: 0 | AF5: 0 | AG5: 0 | AH5: 0 | AR5: 0 | AS5: 0 | AT5: 0 | AU5: 0 | AV5: =BIN2DEC(CONCATENATE(0,0,0,0,AR5,AS5,AT5,AU5)) -> 0 | BG5: =CONCATENATE("description: """,F5,"""", ", ", "note: """,E5,"""",", ","group: """, B5, """",", ","minValue: ", S5,", ","maxValue: ", T5,", ","step: ", U5,", ","units: """, R5, """",", ","defaultValue: ", X5,", ","eventRegistration: ", Y5,) -> description: "ПарIмаМакс", note: "Сигнал токовой петли, соответствующий конечного положения РПН параллельно работающего трансформатора", group: "setting", minValue: 5, maxValue: 100, step: 0.01, units: "мА", defaultValue: 20, eventRegistration: 0
B6: setting | D6: АРН | E6: Сигнал токовой петли, соответствующий начального положения РПН параллельно работающего трансформатора | F6: ПарIмаМин | G6: ПарIмаМин | I6: =LEN(F6) -> 9 | J6: =IF(LEN(F6)<=Controls!$J$1,F6,"") -> ПарIмаМин | K6: ATCC1_I2ma_min | L6: FLOAT32 | M6: false | N6: false | R6: мА | S6: 0 | T6: 4 | U6: 0.01 | X6: 4 | Y6: 0 | AA6: 0 | AF6: 0 | AG6: 0 | AH6: 0 | AR6: 0 | AS6: 0 | AT6: 0 | AU6: 0 | AV6: =BIN2DEC(CONCATENATE(0,0,0,0,AR6,AS6,AT6,AU6)) -> 0 | BG6: =CONCATENATE("description: """,F6,"""", ", ", "note: """,E6,"""",", ","group: """, B6, """",", ","minValue: ", S6,", ","maxValue: ", T6,", ","step: ", U6,", ","units: """, R6, """",", ","defaultValue: ", X6,", ","eventRegistration: ", Y6,) -> description: "ПарIмаМин", note: "Сигнал токовой петли, соответствующий начального положения РПН параллельно работающего трансформатора", group: "setting", minValue: 0, maxValue: 4, step: 0.01, units: "мА", defaultValue: 4, eventRegistration: 0
B7: setting | D7: АРН | E7: Конечное положение РПН параллельно работающего трансформатора | F7: ПарМаксN | G7: ПарМаксN | I7: =LEN(F7) -> 8 | J7: =IF(LEN(F7)<=Controls!$J$1,F7,"") -> ПарМаксN | K7: ATCC1_ParTapMax | L7: INT8 | M7: false | N7: false | R7: null | S7: 1 | T7: 40 | U7: 1 | X7: 40 | Y7: 0 | AA7: 0 | AF7: 0 | AG7: 0 | AH7: 0 | AR7: 0 | AS7: 0 | AT7: 0 | AU7: 0 | AV7: =BIN2DEC(CONCATENATE(0,0,0,0,AR7,AS7,AT7,AU7)) -> 0 | BG7: =CONCATENATE("description: """,F7,"""", ", ", "note: """,E7,"""",", ","group: """, B7, """",", ","minValue: ", S7,", ","maxValue: ", T7,", ","step: ", U7,", ","units: """, R7, """",", ","defaultValue: ", X7,", ","eventRegistration: ", Y7,) -> description: "ПарМаксN", note: "Конечное положение РПН параллельно работающего трансформатора", group: "setting", minValue: 1, maxValue: 40, step: 1, units: "null", defaultValue: 40, eventRegistration: 0
B8: setting | D8: АРН | E8: Начальное положение РПН параллельно работающего трансформатора | F8: ПарМинN | G8: ПарМинN | I8: =LEN(F8) -> 7 | J8: =IF(LEN(F8)<=Controls!$J$1,F8,"") -> ПарМинN | K8: ATCC1_ParTapMin | L8: INT8 | M8: false | N8: false | R8: null | S8: 1 | T8: 40 | U8: 1 | X8: 1 | Y8: 0 | AA8: 0 | AF8: 0 | AG8: 0 | AH8: 0 | AR8: 0 | AS8: 0 | AT8: 0 | AU8: 0 | AV8: =BIN2DEC(CONCATENATE(0,0,0,0,AR8,AS8,AT8,AU8)) -> 0 | BG8: =CONCATENATE("description: """,F8,"""", ", ", "note: """,E8,"""",", ","group: """, B8, """",", ","minValue: ", S8,", ","maxValue: ", T8,", ","step: ", U8,", ","units: """, R8, """",", ","defaultValue: ", X8,", ","eventRegistration: ", Y8,) -> description: "ПарМинN", note: "Начальное положение РПН параллельно работающего трансформатора", group: "setting", minValue: 1, maxValue: 40, step: 1, units: "null", defaultValue: 1, eventRegistration: 0
B9: setting | D9: АРН | E9: Допустимое рассогласование положений приводов РПН при регулировании тр-ров включенных на параллельную работу | F9: МаксРазбегN | G9: МаксРазбегN | I9: =LEN(F9) -> 11 | J9: =IF(LEN(F9)<=Controls!$J$1,F9,"") -> МаксРазбегN | K9: ATCC1_MaxDivTapPos | L9: INT8 | M9: false | N9: false | R9: null | S9: 0 | T9: 40 | U9: 1 | X9: 0 | Y9: 0 | AA9: 0 | AF9: 0 | AG9: 0 | AH9: 0 | AR9: 0 | AS9: 0 | AT9: 0 | AU9: 0 | AV9: =BIN2DEC(CONCATENATE(0,0,0,0,AR9,AS9,AT9,AU9)) -> 0 | BG9: =CONCATENATE("description: """,F9,"""", ", ", "note: """,E9,"""",", ","group: """, B9, """",", ","minValue: ", S9,", ","maxValue: ", T9,", ","step: ", U9,", ","units: """, R9, """",", ","defaultValue: ", X9,", ","eventRegistration: ", Y9,) -> description: "МаксРазбегN", note: "Допустимое рассогласование положений приводов РПН при регулировании тр-ров включенных на параллельную работу", group: "setting", minValue: 0, maxValue: 40, step: 1, units: "null", defaultValue: 0, eventRegistration: 0
B10: setting | D10: АРН | E10: Допустимое время рассогласования положений РПН при регулировании параллельно работающих трансформаторов | F10: Тразбега | G10: Тразбега | I10: =LEN(F10) -> 8 | J10: =IF(LEN(F10)<=Controls!$J$1,F10,"") -> Тразбега | K10: ATCC1_ParOpDITmms | L10: INT32 | M10: false | N10: false | P10: 2 | Q10: TimeSettingScaleCoefficient | R10: мс | S10: 1 | T10: 100000 | U10: 1 | X10: 10000 | Y10: 0 | AA10: 0 | AF10: 0 | AG10: 0 | AH10: 0 | AR10: 0 | AS10: 0 | AT10: 0 | AU10: 0 | AV10: =BIN2DEC(CONCATENATE(0,0,0,0,AR10,AS10,AT10,AU10)) -> 0 | BG10: =CONCATENATE("description: """,F10,"""", ", ", "note: """,E10,"""",", ","group: """, B10, """",", ","minValue: ", S10,", ","maxValue: ", T10,", ","step: ", U10,", ","units: """, R10, """",", ","defaultValue: ", X10,", ","eventRegistration: ", Y10,) -> description: "Тразбега", note: "Допустимое время рассогласования положений РПН при регулировании параллельно работающих трансформаторов", group: "setting", minValue: 1, maxValue: 100000, step: 1, units: "мс", defaultValue: 10000, eventRegistration: 0

Sheet TechInfo
A2: Parameter | B2: Value
A3: RussianName | B3: АРНТ
A4: WeightCoefficient | B4: 50
A5: IsCoded | B5: false
A6: IEC61850Name | B6: _TTCC5
A7: FbVersion | B7: 2
A8: DescriptionFB | B8: Автоматика регулирования напряжения трансформатора
A9: DescriptionFuncList
A10: АРН | B10: Автоматика регулирования напряжения
A11: DescriptionFuncList
